CustomerID,predicted_ltv,segment
12346.0,12.808428,Low
12347.0,2231.674,VIP
12348.0,1444.1876,VIP
12350.0,341.3034,Mid
12352.0,599.90344,High
12353.0,90.44573,Low
12354.0,1069.1777,High
12355.0,431.17566,Mid
12356.0,2793.4844,VIP
12358.0,436.27298,Mid
12359.0,3366.045,VIP
12360.0,1066.3832,High
12361.0,198.6858,Low
12362.0,1255.2189,VIP
12363.0,310.63724,Mid
12365.0,318.86752,Mid
12370.0,2842.481,VIP
12372.0,923.83344,High
12373.0,366.47058,Mid
12377.0,1603.9054,VIP
12379.0,438.04337,Mid
12380.0,605.31476,High
12383.0,1904.6962,VIP
12386.0,407.82794,Mid
12388.0,807.24097,High
12393.0,1078.9792,High
12394.0,378.14145,Mid
12395.0,1735.519,VIP
12399.0,909.89624,High
12401.0,86.87592,Low
12402.0,222.74567,Low
12405.0,1699.4045,VIP
12406.0,1764.0032,VIP
12407.0,1217.6841,VIP
12408.0,1468.2052,VIP
12409.0,6235.424,VIP
12410.0,685.8397,High
12412.0,545.6279,High
12413.0,516.3848,High
12414.0,574.46173,High
12415.0,76520.64,VIP
12417.0,1858.593,VIP
12421.0,415.3964,Mid
12422.0,633.3838,High
12423.0,1597.8992,VIP
12424.0,1866.8269,VIP
12426.0,583.5781,High
12427.0,254.0664,Mid
12428.0,6971.061,VIP
12429.0,2844.4368,VIP
12431.0,3171.2075,VIP
12432.0,4048.453,VIP
12433.0,3320.3545,VIP
12434.0,244.15646,Mid
12435.0,3969.4614,VIP
12437.0,2454.0093,VIP
12441.0,168.8195,Low
12444.0,1881.6792,VIP
12447.0,497.47073,High
12449.0,862.49786,High
12450.0,197.18526,Low
12451.0,5313.077,VIP
12455.0,2103.0278,VIP
12456.0,897.87115,High
12457.0,825.18085,High
12458.0,432.50098,Mid
12461.0,626.9744,High
12462.0,757.22504,High
12463.0,994.6099,High
12464.0,615.7929,High
12465.0,458.76413,Mid
12468.0,693.721,High
12471.0,8703.569,VIP
12472.0,3168.1995,VIP
12473.0,613.3628,High
12474.0,3246.1924,VIP
12476.0,2335.1194,VIP
12477.0,4561.8975,VIP
12480.0,1586.5063,VIP
12481.0,4097.0303,VIP
12483.0,1332.8717,VIP
12484.0,2253.5725,VIP
12489.0,324.44263,Mid
12490.0,1721.9642,VIP
12493.0,431.43155,Mid
12494.0,791.4744,High
12500.0,1432.7766,VIP
12501.0,2068.5618,VIP
12502.0,1675.628,VIP
12503.0,-1082.1218,Low
12505.0,-7.9932346,Low
12506.0,55.51577,Low
12507.0,435.9015,Mid
12509.0,182.37581,Low
12510.0,697.4661,High
12514.0,1023.8672,High
12515.0,401.62656,Mid
12516.0,626.957,High
12517.0,785.0544,High
12520.0,1637.8956,VIP
12523.0,504.70178,High
12524.0,3199.4663,VIP
12527.0,290.36163,Mid
12528.0,1045.9338,High
12530.0,797.902,High
12535.0,362.66083,Mid
12539.0,2800.8105,VIP
12540.0,6763.8643,VIP
12541.0,546.899,High
12545.0,622.5752,High
12547.0,207.72166,Low
12548.0,108.721,Low
12551.0,181.7044,Low
12553.0,1959.18,VIP
12556.0,305.52783,Mid
12557.0,9041.555,VIP
12559.0,541.63556,High
12561.0,242.81429,Mid
12562.0,979.58356,High
12564.0,436.0914,Mid
12565.0,134.7498,Low
12567.0,5827.6177,VIP
12569.0,1341.2484,VIP
12573.0,148.70146,Low
12574.0,218.67921,Low
12576.0,648.3588,High
12577.0,196.20412,Low
12578.0,1581.8505,VIP
12580.0,415.54074,Mid
12582.0,519.73413,High
12583.0,3847.1982,VIP
12584.0,578.5488,High
12585.0,2008.5994,VIP
12586.0,-12.828715,Low
12590.0,10275.581,VIP
12591.0,466.29654,Mid
12592.0,233.88141,Low
12593.0,243.45486,Mid
12594.0,1780.102,VIP
12596.0,267.86713,Mid
12597.0,1379.2476,VIP
12598.0,1547.2316,VIP
12599.0,706.1747,High
12600.0,1324.9158,VIP
12601.0,564.0997,High
12604.0,184.1525,Low
12605.0,-9.37982,Low
12609.0,779.5781,High
12613.0,1493.45,VIP
12614.0,309.5778,Mid
12615.0,623.56226,High
12616.0,235.62839,Low
12619.0,1204.2605,VIP
12620.0,575.27893,High
12621.0,8020.304,VIP
12622.0,172.24583,Low
12623.0,301.03537,Mid
12624.0,297.11542,Mid
12625.0,2532.4148,VIP
12626.0,1976.7772,VIP
12633.0,1683.1152,VIP
12635.0,668.1064,High
12637.0,2616.9204,VIP
12639.0,478.72058,Mid
12643.0,2116.0706,VIP
12645.0,819.4258,High
12647.0,2451.1255,VIP
12648.0,310.4421,Mid
12649.0,354.7618,Mid
12651.0,125.59424,Low
12652.0,878.9424,High
12653.0,2202.2603,VIP
12654.0,339.9888,Mid
12656.0,1692.5955,VIP
12662.0,1694.6086,VIP
12664.0,1635.3167,VIP
12665.0,57.73983,Low
12666.0,-87.411644,Low
12668.0,2811.5676,VIP
12669.0,1628.8167,VIP
12670.0,1099.7936,High
12672.0,239.60402,Mid
12673.0,226.8013,Low
12674.0,1100.0126,High
12676.0,851.44556,High
12678.0,6700.9546,VIP
12679.0,894.01776,High
12681.0,9828.374,VIP
12682.0,7862.2173,VIP
12683.0,5055.969,VIP
12684.0,1357.9034,VIP
12686.0,92.311935,Low
12690.0,402.22244,Mid
12691.0,413.14328,Mid
12693.0,627.75397,High
12694.0,408.63022,Mid
12695.0,93.11076,Low
12697.0,384.2531,Mid
12700.0,2131.0195,VIP
12701.0,325.92148,Mid
12704.0,314.14966,Mid
12705.0,4080.2034,VIP
12707.0,610.68555,High
12708.0,1549.3389,VIP
12709.0,4877.914,VIP
12710.0,818.81116,High
12712.0,2760.5981,VIP
12714.0,2196.9553,VIP
12717.0,1000.0428,High
12720.0,2992.0361,VIP
12721.0,1640.9875,VIP
12722.0,301.8478,Mid
12724.0,274.6705,Mid
12725.0,412.46304,Mid
12726.0,1461.9517,VIP
12727.0,2790.0425,VIP
12728.0,622.5752,High
12731.0,9499.555,VIP
12732.0,257.19666,Mid
12733.0,386.5488,Mid
12734.0,111.03721,Low
12735.0,751.7894,High
12736.0,227.59367,Low
12738.0,152.5206,Low
12744.0,4198.053,VIP
12747.0,2472.123,VIP
12748.0,11827.554,VIP
12749.0,777.101,High
12753.0,12707.555,VIP
12754.0,2966.9514,VIP
12755.0,2183.54,VIP
12757.0,818.7127,High
12758.0,1551.3962,VIP
12759.0,1069.3169,High
12763.0,314.2129,Mid
12764.0,1703.2705,VIP
12766.0,4968.2407,VIP
12769.0,1184.467,VIP
12770.0,1390.8181,VIP
12775.0,1147.1007,VIP
12778.0,463.73615,Mid
12779.0,2908.1184,VIP
12781.0,547.8114,High
12782.0,2020.3165,VIP
12785.0,314.23114,Mid
12787.0,148.62646,Low
12790.0,313.85968,Mid
12791.0,198.42528,Low
12792.0,390.10492,Mid
12793.0,550.4964,High
12797.0,203.3349,Low
12798.0,2005.0778,VIP
12802.0,423.9937,Mid
12808.0,279.81113,Mid
12809.0,509.55267,High
12811.0,513.13666,High
12815.0,593.71594,High
12816.0,318.23038,Mid
12817.0,154.01663,Low
12818.0,1537.2239,VIP
12820.0,168.23268,Low
12821.0,105.817825,Low
12823.0,996.42,High
12826.0,816.9417,High
12829.0,268.90036,Mid
12830.0,2861.463,VIP
12831.0,228.96014,Low
12834.0,304.0863,Mid
12836.0,1640.8104,VIP
12837.0,137.0715,Low
12838.0,383.3331,Mid
12839.0,2023.757,VIP
12840.0,2092.8079,VIP
12841.0,2374.4888,VIP
12842.0,317.1301,Mid
12843.0,1670.1305,VIP
12845.0,357.09546,Mid
12849.0,723.0094,High
12852.0,305.01282,Mid
12853.0,831.99603,High
12854.0,780.76733,High
12855.0,43.46358,Low
12857.0,1067.7235,High
12863.0,-13.957411,Low
12865.0,-41.756325,Low
12866.0,578.2884,High
12867.0,2342.773,VIP
12868.0,1625.9591,VIP
12870.0,-10.640417,Low
12871.0,126.437584,Low
12872.0,595.6673,High
12873.0,544.84125,High
12875.0,321.5489,Mid
12876.0,688.67816,High
12877.0,967.3137,High
12878.0,870.10876,High
12881.0,311.92996,Mid
12886.0,750.08954,High
12888.0,300.38315,Mid
12891.0,339.80505,Mid
12897.0,211.32262,Low
12901.0,8615.133,VIP
12902.0,138.21146,Low
12904.0,250.21619,Mid
12908.0,345.53757,Mid
12909.0,1452.5726,VIP
12910.0,1147.1594,VIP
12913.0,819.11957,High
12915.0,364.92767,Mid
12916.0,2396.0637,VIP
12919.0,249.04108,Mid
12921.0,7258.553,VIP
12922.0,413.7321,Mid
12924.0,695.6844,High
12928.0,813.697,High
12929.0,110.06748,Low
12930.0,228.33987,Low
12931.0,3880.1963,VIP
12933.0,337.85263,Mid
12935.0,1205.21,VIP
12937.0,430.63577,Mid
12939.0,7926.9043,VIP
12942.0,407.02625,Mid
12943.0,-3.1507604,Low
12944.0,297.29977,Mid
12945.0,446.54346,Mid
12947.0,1113.7267,High
12948.0,888.19775,High
12949.0,2192.9036,VIP
12951.0,799.78503,High
12955.0,979.5113,High
12956.0,90.49795,Low
12957.0,1658.643,VIP
12963.0,338.6864,Mid
12967.0,1693.0092,VIP
12970.0,29.852053,Low
12971.0,5763.612,VIP
12974.0,129.95709,Low
12976.0,722.1797,High
12977.0,33.235497,Low
12980.0,7017.7563,VIP
12982.0,372.76373,Mid
12987.0,285.50925,Mid
12988.0,528.82153,High
12989.0,4415.4834,VIP
12990.0,296.9492,Mid
12993.0,187.68962,Low
12994.0,318.26382,Mid
12997.0,584.4494,High
12999.0,463.4573,Mid
13000.0,440.5057,Mid
13001.0,8596.986,VIP
13002.0,118.10732,Low
13003.0,90.8264,Low
13004.0,3393.38,VIP
13005.0,474.03778,Mid
13008.0,166.50235,Low
13011.0,60.616425,Low
13012.0,666.9709,High
13013.0,2660.9143,VIP
13014.0,1713.8335,VIP
13015.0,1799.6443,VIP
13018.0,4108.894,VIP
13021.0,1116.8656,High
13026.0,253.82962,Mid
13027.0,5347.2314,VIP
13029.0,527.20667,High
13030.0,408.7069,Mid
13033.0,194.437,Low
13034.0,164.25455,Low
13035.0,340.39026,Mid
13037.0,584.75073,High
13038.0,592.9411,High
13043.0,450.87112,Mid
13044.0,575.64795,High
13046.0,208.73395,Low
13047.0,2085.3037,VIP
13048.0,911.5901,High
13049.0,158.54532,Low
13050.0,3338.2266,VIP
13052.0,338.0606,Mid
13055.0,347.80206,Mid
13058.0,59.2289,Low
13059.0,184.01378,Low
13060.0,311.45374,Mid
13062.0,333.26407,Mid
13064.0,634.70544,High
13065.0,216.67654,Low
13068.0,152.19606,Low
13069.0,2799.4978,VIP
13070.0,230.63312,Low
13072.0,182.37581,Low
13077.0,581.0857,High
13078.0,5180.2534,VIP
13080.0,53.671066,Low
13081.0,14201.871,VIP
13082.0,3530.859,VIP
13085.0,288.39594,Mid
13089.0,31952.602,VIP
13090.0,3808.3833,VIP
13092.0,444.36664,Mid
13093.0,7710.6597,VIP
13094.0,1134.5735,VIP
13097.0,3945.4478,VIP
13098.0,10607.261,VIP
13101.0,96.434494,Low
13102.0,4204.6772,VIP
13104.0,222.03369,Low
13107.0,898.67346,High
13108.0,350.86816,Mid
13109.0,376.06256,Mid
13110.0,703.5196,High
13113.0,8594.015,VIP
13115.0,855.45654,High
13117.0,746.04425,High
13118.0,819.2594,High
13120.0,-0.7061321,Low
13121.0,260.52502,Mid
13122.0,904.7586,High
13124.0,2602.0417,VIP
13126.0,1060.6504,High
13131.0,328.64713,Mid
13132.0,89.32223,Low
13133.0,114.3694,Low
13134.0,862.9059,High
13135.0,3064.8733,VIP
13136.0,546.16705,High
13137.0,880.38635,High
13138.0,413.1612,Mid
13139.0,1154.0149,VIP
13140.0,167.91122,Low
13141.0,1406.1018,VIP
13144.0,129.36476,Low
13145.0,332.94724,Mid
13148.0,1927.575,VIP
13149.0,884.5496,High
13151.0,1285.7996,VIP
13155.0,574.87445,High
13157.0,462.43307,Mid
13158.0,565.15045,High
13161.0,112.84939,Low
13162.0,1253.5726,VIP
13165.0,357.25723,Mid
13166.0,498.77524,High
13168.0,981.92993,High
13169.0,449.89206,Mid
13171.0,152.81758,Low
13173.0,165.12642,Low
13174.0,2111.6804,VIP
13178.0,3373.372,VIP
13183.0,1732.8828,VIP
13184.0,1203.0659,VIP
13185.0,76.16106,Low
13187.0,236.17557,Low
13192.0,471.27365,Mid
13196.0,491.74466,High
13198.0,2470.2283,VIP
13199.0,4187.4155,VIP
13203.0,180.39728,Low
13207.0,199.40552,Low
13208.0,740.5813,High
13209.0,2246.17,VIP
13211.0,108.50794,Low
13213.0,517.85614,High
13216.0,366.66788,Mid
13217.0,86.39898,Low
13220.0,715.25885,High
13221.0,850.00287,High
13223.0,175.15901,Low
13224.0,1264.605,VIP
13225.0,3392.763,VIP
13226.0,125.40779,Low
13227.0,222.2648,Low
13229.0,159.90425,Low
13230.0,2080.8445,VIP
13232.0,922.4189,High
13233.0,296.2552,Mid
13235.0,112.565254,Low
13238.0,315.9869,Mid
13239.0,340.16373,Mid
13240.0,551.4077,High
13242.0,106.55924,Low
13243.0,616.26434,High
13246.0,1891.0651,VIP
13248.0,394.132,Mid
13249.0,295.59225,Mid
13253.0,1154.4807,VIP
13255.0,245.29684,Mid
13258.0,227.72021,Low
13261.0,941.9733,High
13262.0,201.4337,Low
13263.0,4278.485,VIP
13265.0,1465.4653,VIP
13266.0,2104.6565,VIP
13267.0,2403.969,VIP
13268.0,2497.513,VIP
13269.0,2632.8987,VIP
13270.0,629.461,High
13280.0,676.8235,High
13282.0,724.07294,High
13283.0,37.22576,Low
13284.0,200.30588,Low
13285.0,1963.4464,VIP
13291.0,359.82193,Mid
13292.0,254.52275,Mid
13294.0,868.3826,High
13295.0,199.37662,Low
13299.0,145.20268,Low
13300.0,383.8782,Mid
13301.0,485.39682,Mid
13302.0,66.63208,Low
13304.0,294.9731,Mid
13305.0,610.654,High
13308.0,743.44403,High
13309.0,554.65015,High
13310.0,779.13446,High
13311.0,478.87427,Mid
13313.0,595.0012,High
13316.0,1421.1239,VIP
13317.0,1195.8257,VIP
13319.0,6083.4253,VIP
13320.0,471.95752,Mid
13324.0,3696.7107,VIP
13327.0,1934.7057,VIP
13328.0,1289.3674,VIP
13329.0,250.3267,Mid
13330.0,709.7083,High
13334.0,2761.4534,VIP
13338.0,453.61673,Mid
13339.0,867.74976,High
13340.0,3687.2378,VIP
13341.0,774.1661,High
13343.0,306.06424,Mid
13344.0,1507.6304,VIP
13345.0,382.98508,Mid
13357.0,635.5232,High
13358.0,438.8429,Mid
13362.0,1533.8237,VIP
13365.0,677.2291,High
13368.0,622.2275,High
13369.0,263.21353,Mid
13370.0,716.99854,High
13373.0,2089.2336,VIP
13376.0,785.9241,High
13381.0,1078.4354,High
13382.0,224.98705,Low
13384.0,1199.7643,VIP
13385.0,519.2866,High
13389.0,258.3671,Mid
13391.0,66.13553,Low
13394.0,1262.9994,VIP
13395.0,304.14914,Mid
13396.0,366.3754,Mid
13397.0,1013.84595,High
13398.0,461.81525,Mid
13402.0,301.19482,Mid
13404.0,232.03354,Low
13405.0,544.78235,High
13408.0,14059.633,VIP
13410.0,584.62354,High
13414.0,864.788,High
13417.0,247.11264,Mid
13418.0,3902.6167,VIP
13420.0,153.85423,Low
13421.0,824.75183,High
13425.0,1165.4819,VIP
13426.0,1582.7786,VIP
13427.0,231.9787,Low
13435.0,440.10806,Mid
13437.0,1665.5953,VIP
13439.0,282.9351,Mid
13448.0,1369.019,VIP
13450.0,1131.8927,VIP
13451.0,1565.7867,VIP
13452.0,609.0345,High
13453.0,343.69357,Mid
13455.0,624.50006,High
13456.0,879.7373,High
13458.0,6473.8364,VIP
13461.0,587.12317,High
13462.0,139.72496,Low
13466.0,302.95132,Mid
13468.0,4061.2107,VIP
13473.0,231.341,Low
13474.0,224.63467,Low
13475.0,1397.1569,VIP
13476.0,1055.2618,High
13477.0,745.0047,High
13479.0,284.87643,Mid
13481.0,993.17505,High
13482.0,189.73596,Low
13484.0,314.27896,Mid
13485.0,447.0839,Mid
13486.0,204.39752,Low
13487.0,417.5935,Mid
13488.0,5516.513,VIP
13489.0,296.5486,Mid
13491.0,1033.681,High
13492.0,710.2126,High
13493.0,585.86206,High
13494.0,304.92816,Mid
13495.0,941.19147,High
13496.0,459.93307,Mid
13497.0,317.31412,Mid
13499.0,449.56198,Mid
13501.0,1186.9175,VIP
13502.0,187.34024,Low
13505.0,2504.3108,VIP
13506.0,457.06497,Mid
13508.0,100.66416,Low
13509.0,667.79803,High
13510.0,563.9642,High
13512.0,258.97275,Mid
13515.0,201.45811,Low
13516.0,147.91365,Low
13517.0,1089.2004,High
13520.0,2003.9032,VIP
13523.0,2138.169,VIP
13524.0,262.89417,Mid
13525.0,287.34,Mid
13527.0,591.73785,High
13529.0,192.44878,Low
13531.0,473.69565,Mid
13533.0,263.176,Mid
13534.0,3221.1733,VIP
13538.0,652.42944,High
13539.0,291.11057,Mid
13544.0,124.245865,Low
13546.0,191.73317,Low
13548.0,303.59653,Mid
13549.0,622.1363,High
13551.0,81.33257,Low
13552.0,2067.5925,VIP
13555.0,1581.2152,VIP
13557.0,241.97241,Mid
13561.0,151.39987,Low
13562.0,609.4802,High
13564.0,1092.6018,High
13565.0,107.350136,Low
13568.0,172.28864,Low
13569.0,126.48878,Low
13570.0,240.17006,Mid
13571.0,527.2933,High
13572.0,1334.2712,VIP
13573.0,14.089436,Low
13575.0,86.49934,Low
13576.0,3809.0923,VIP
13577.0,813.90204,High
13579.0,164.84647,Low
13581.0,124.1249,Low
13583.0,681.1849,High
13584.0,152.76552,Low
13588.0,107.52971,Low
13589.0,148.65468,Low
13590.0,1137.7019,VIP
13591.0,783.8639,High
13592.0,201.3798,Low
13593.0,1317.9783,VIP
13599.0,2236.568,VIP
13600.0,217.35909,Low
13601.0,359.8986,Mid
13606.0,255.42691,Mid
13610.0,453.5447,Mid
13611.0,621.89795,High
13614.0,793.9652,High
13615.0,417.87387,Mid
13617.0,130.17255,Low
13618.0,175.9335,Low
13623.0,580.2931,High
13626.0,261.4431,Mid
13627.0,1016.26086,High
13629.0,3671.032,VIP
13630.0,1044.6188,High
13631.0,2298.04,VIP
13632.0,797.988,High
13634.0,624.3248,High
13636.0,520.44183,High
13637.0,683.07874,High
13642.0,365.2903,Mid
13643.0,95.57126,Low
13647.0,772.90564,High
13649.0,344.34717,Mid
13650.0,678.006,High
13652.0,624.3747,High
13654.0,1126.0564,High
13655.0,378.68665,Mid
13656.0,370.4478,Mid
13657.0,143.26642,Low
13658.0,730.5816,High
13659.0,1538.4521,VIP
13662.0,506.0877,High
13663.0,197.2412,Low
13666.0,61.95603,Low
13667.0,249.22803,Mid
13668.0,4141.4946,VIP
13669.0,41.7291,Low
13672.0,-67.41398,Low
13675.0,475.0575,Mid
13678.0,238.54144,Mid
13680.0,868.26355,High
13681.0,203.22665,Low
13682.0,65.252266,Low
13684.0,62.83128,Low
13686.0,72.94508,Low
13692.0,901.3553,High
13693.0,-32.99506,Low
13694.0,32954.266,VIP
13695.0,897.4214,High
13699.0,312.17947,Mid
13700.0,1236.8131,VIP
13703.0,103.40679,Low
13705.0,321.22885,Mid
13706.0,328.71817,Mid
13707.0,842.94116,High
13708.0,286.01865,Mid
13709.0,1550.1433,VIP
13711.0,256.6852,Mid
13712.0,242.68169,Mid
13715.0,969.8044,High
13716.0,143.9466,Low
13717.0,732.17474,High
13718.0,308.9125,Mid
13719.0,333.73407,Mid
13720.0,575.73627,High
13722.0,1445.8834,VIP
13723.0,200.93471,Low
13725.0,1879.7645,VIP
13728.0,497.06982,High
13730.0,316.20004,Mid
13731.0,612.32416,High
13735.0,1336.8055,VIP
13736.0,351.07465,Mid
13737.0,332.61343,Mid
13740.0,348.9242,Mid
13741.0,339.78473,Mid
13742.0,2605.2563,VIP
13743.0,631.20416,High
13744.0,899.88965,High
13745.0,310.20197,Mid
13747.0,77.25392,Low
13748.0,610.8793,High
13750.0,1113.6812,High
13751.0,284.07297,Mid
13752.0,1014.47064,High
13753.0,786.59924,High
13754.0,295.48407,Mid
13756.0,1764.0032,VIP
13758.0,2335.1194,VIP
13760.0,147.08713,Low
13761.0,496.08148,High
13762.0,-0.8018477,Low
13763.0,-28.060804,Low
13764.0,496.11093,High
13767.0,8317.377,VIP
13769.0,1426.5101,VIP
13771.0,1519.0328,VIP
13772.0,233.1399,Low
13777.0,11818.881,VIP
13780.0,116.92056,Low
13781.0,109.18849,Low
13782.0,358.50766,Mid
13784.0,1635.0072,VIP
13786.0,217.49324,Low
13787.0,107.74732,Low
13791.0,675.7392,High
13792.0,72.583115,Low
13798.0,25078.723,VIP
13799.0,344.1073,Mid
13800.0,576.4898,High
13802.0,2980.2166,VIP
13803.0,279.41782,Mid
13804.0,1031.5657,High
13807.0,106.1404,Low
13809.0,156.1971,Low
13811.0,557.6242,High
13815.0,2967.8167,VIP
13817.0,122.940346,Low
13819.0,1135.824,VIP
13821.0,255.94627,Mid
13824.0,1184.8772,VIP
13826.0,189.86191,Low
13829.0,-80.23698,Low
13831.0,1079.3444,High
13833.0,369.21793,Mid
13835.0,513.09766,High
13837.0,282.13232,Mid
13838.0,234.37553,Low
13841.0,82.7364,Low
13842.0,2297.7524,VIP
13846.0,628.55676,High
13848.0,959.0316,High
13849.0,577.424,High
13851.0,254.56621,Mid
13854.0,5400.0146,VIP
13856.0,344.5159,Mid
13859.0,198.47964,Low
13862.0,1443.8263,VIP
13863.0,309.7885,Mid
13865.0,286.07355,Mid
13867.0,128.2109,Low
13869.0,1570.5756,VIP
13870.0,969.3816,High
13871.0,3003.1033,VIP
13873.0,228.0056,Low
13874.0,582.5469,High
13875.0,1081.6151,High
13880.0,1331.1396,VIP
13881.0,5209.054,VIP
13883.0,1651.9967,VIP
13884.0,196.49408,Low
13885.0,520.0517,High
13887.0,363.78674,Mid
13888.0,243.86108,Mid
13890.0,203.04207,Low
13892.0,55.4738,Low
13893.0,792.93726,High
13894.0,151.1075,Low
13895.0,383.35437,Mid
13898.0,161.48824,Low
13899.0,296.88342,Mid
13900.0,741.8912,High
13901.0,2235.9927,VIP
13904.0,201.12117,Low
13908.0,791.6802,High
13911.0,2221.847,VIP
13917.0,55.9895,Low
13918.0,195.3491,Low
13922.0,178.47086,Low
13929.0,796.01514,High
13931.0,365.14957,Mid
13932.0,307.60703,Mid
13934.0,832.8646,High
13936.0,385.24957,Mid
13937.0,162.37253,Low
13939.0,174.36273,Low
13941.0,2771.5298,VIP
13946.0,481.6039,Mid
13948.0,105.070656,Low
13950.0,183.3964,Low
13951.0,665.0573,High
13952.0,3261.662,VIP
13953.0,2271.0735,VIP
13955.0,353.4511,Mid
13956.0,295.4435,Mid
13958.0,-641.1851,Low
13959.0,346.29105,Mid
13962.0,122.16333,Low
13963.0,633.1431,High
13969.0,2531.8113,VIP
13971.0,1259.2286,VIP
13972.0,125.385284,Low
13973.0,266.42258,Mid
13975.0,889.07983,High
13976.0,351.5725,Mid
13982.0,1219.4138,VIP
13983.0,1662.0071,VIP
13984.0,292.05417,Mid
13985.0,1597.0924,VIP
13988.0,1907.9417,VIP
13989.0,821.97217,High
13990.0,319.34335,Mid
13993.0,1539.3513,VIP
13995.0,303.64645,Mid
13999.0,1870.2361,VIP
14000.0,694.39813,High
14001.0,1313.7921,VIP
14002.0,237.02736,Low
14004.0,1577.691,VIP
14005.0,340.62897,Mid
14006.0,640.72687,High
14009.0,693.82983,High
14012.0,316.5619,Mid
14013.0,109.22562,Low
14016.0,4307.3755,VIP
14021.0,697.25134,High
14022.0,456.33,Mid
14023.0,279.09842,Mid
14030.0,1443.1353,VIP
14031.0,7521.4175,VIP
14032.0,1856.8824,VIP
14034.0,335.86823,Mid
14035.0,704.0773,High
14036.0,609.93256,High
14037.0,148.83554,Low
14038.0,696.1938,High
14040.0,1905.8956,VIP
14041.0,146.50848,Low
14044.0,151.60234,Low
14045.0,1269.1476,VIP
14046.0,163.50677,Low
14047.0,598.05035,High
14048.0,366.1941,Mid
14049.0,3288.0342,VIP
14051.0,6824.699,VIP
14053.0,155.48582,Low
14056.0,4329.4673,VIP
14057.0,3010.9465,VIP
14059.0,185.02708,Low
14060.0,3373.4011,VIP
14062.0,5187.9404,VIP
14064.0,679.58765,High
14066.0,160.6024,Low
14068.0,270.6654,Mid
14071.0,255.6001,Mid
14075.0,301.03537,Mid
14077.0,300.3486,Mid
14078.0,836.8843,High
14081.0,867.20685,High
14082.0,183.22473,Low
14083.0,484.02634,Mid
14085.0,2961.9712,VIP
14088.0,15300.489,VIP
14090.0,65.8562,Low
14092.0,2090.2378,VIP
14099.0,1881.7151,VIP
14101.0,4139.1807,VIP
14104.0,215.69638,Low
14105.0,1249.9545,VIP
14107.0,1857.4321,VIP
14110.0,2406.0376,VIP
14111.0,100.00265,Low
14112.0,1047.5665,High
14113.0,-22.525503,Low
14114.0,379.89322,Mid
14119.0,-16.291883,Low
14127.0,455.2098,Mid
14128.0,312.65747,Mid
14129.0,360.60614,Mid
14130.0,482.29202,Mid
14132.0,939.6097,High
14133.0,301.87723,Mid
14135.0,2454.6763,VIP
14142.0,317.98465,Mid
14145.0,2818.2585,VIP
14146.0,672.0512,High
14147.0,164.63763,Low
14148.0,153.56001,Low
14149.0,278.24207,Mid
14150.0,304.46548,Mid
14152.0,297.91907,Mid
14154.0,1468.8904,VIP
14155.0,119.78482,Low
14156.0,51771.81,VIP
14157.0,254.11797,Mid
14159.0,1835.7361,VIP
14161.0,1054.7427,High
14162.0,285.13022,Mid
14163.0,1690.4712,VIP
14165.0,124.275055,Low
14167.0,423.3436,Mid
14173.0,102.68274,Low
14175.0,1111.5336,High
14176.0,571.7918,High
14177.0,131.87709,Low
14178.0,199.56985,Low
14180.0,3567.3853,VIP
14185.0,205.90381,Low
14188.0,1053.684,High
14189.0,2450.9375,VIP
14191.0,1094.1741,High
14193.0,444.64975,Mid
14194.0,4046.647,VIP
14195.0,1120.0988,High
14198.0,170.23775,Low
14199.0,210.01372,Low
14201.0,461.9358,Mid
14205.0,-22.609667,Low
14206.0,308.01346,Mid
14209.0,1060.7338,High
14210.0,1601.8248,VIP
14211.0,868.8972,High
14213.0,-641.1851,Low
14214.0,857.67236,High
14215.0,1072.4885,High
14217.0,1031.5657,High
14220.0,650.2771,High
14221.0,2015.5366,VIP
14222.0,650.13855,High
14223.0,635.38403,High
14224.0,561.13934,High
14226.0,1706.3287,VIP
14227.0,2394.1863,VIP
14229.0,652.59753,High
14231.0,866.0934,High
14232.0,1003.7591,High
14233.0,995.5659,High
14235.0,2832.9111,VIP
14236.0,191.58691,Low
14237.0,159.90683,Low
14238.0,146.33125,Low
14239.0,1260.5981,VIP
14240.0,234.8157,Low
14241.0,224.86186,Low
14242.0,283.67545,Mid
14243.0,1734.2106,VIP
14245.0,1683.4208,VIP
14246.0,473.37793,Mid
14247.0,143.80452,Low
14248.0,323.62497,Mid
14256.0,920.2586,High
14257.0,1350.3182,VIP
14258.0,9246.325,VIP
14262.0,531.2769,High
14264.0,322.6533,Mid
14265.0,252.59792,Mid
14267.0,1306.6406,VIP
14270.0,490.53113,Mid
14271.0,108.93011,Low
14272.0,122.77433,Low
14273.0,232.89816,Low
14276.0,639.5917,High
14277.0,1649.7815,VIP
14280.0,124.62645,Low
14282.0,2357.4353,VIP
14285.0,17.505474,Low
14286.0,2015.3762,VIP
14287.0,47.88034,Low
14288.0,415.9541,Mid
14289.0,681.84064,High
14290.0,760.44525,High
14291.0,2011.2081,VIP
14292.0,1093.7676,High
14293.0,495.86844,High
14295.0,-12.690897,Low
14297.0,232.7054,Low
14298.0,64566.78,VIP
14299.0,513.43115,High
14304.0,200.86992,Low
14307.0,1687.6844,VIP
14309.0,1280.1075,VIP
14311.0,236.63753,Low
14312.0,876.07465,High
14315.0,1157.9397,VIP
14320.0,347.21115,Mid
14321.0,618.1142,High
14323.0,275.24957,Mid
14326.0,180.06094,Low
14327.0,327.82727,Mid
14329.0,3063.3599,VIP
14334.0,1675.7191,VIP
14336.0,1106.847,High
14338.0,545.3875,High
14339.0,286.71793,Mid
14340.0,154.38452,Low
14341.0,647.45276,High
14342.0,251.53526,Mid
14344.0,638.08435,High
14346.0,264.29147,Mid
14348.0,389.1115,Mid
14350.0,250.21341,Mid
14351.0,45.77811,Low
14352.0,1079.9557,High
14353.0,101.784836,Low
14355.0,168.8195,Low
14364.0,2778.6492,VIP
14367.0,4183.014,VIP
14368.0,146.74428,Low
14371.0,87.85304,Low
14373.0,72.305534,Low
14375.0,255.77632,Mid
14377.0,610.08704,High
14379.0,117.623856,Low
14383.0,241.19968,Mid
14386.0,137.69705,Low
14388.0,1446.4749,VIP
14389.0,291.4621,Mid
14390.0,964.6015,High
14393.0,68.09125,Low
14395.0,1951.9797,VIP
14396.0,104.52064,Low
14397.0,436.34042,Mid
14400.0,544.6835,High
14401.0,1599.7648,VIP
14403.0,845.42346,High
14404.0,989.8519,High
14407.0,998.13916,High
14408.0,1219.6613,VIP
14409.0,1599.3579,VIP
14410.0,685.2449,High
14411.0,1030.8732,High
14413.0,128.13931,Low
14414.0,213.15599,Low
14415.0,2927.6348,VIP
14419.0,310.71884,Mid
14421.0,436.93225,Mid
14422.0,1036.6494,High
14423.0,250.04822,Mid
14426.0,1710.2817,VIP
14428.0,315.41208,Mid
14431.0,418.8646,Mid
14437.0,12.337682,Low
14438.0,133.25882,Low
14439.0,2645.5513,VIP
14440.0,1152.993,VIP
14441.0,261.21725,Mid
14442.0,1507.2031,VIP
14443.0,607.7468,High
14446.0,304.32846,Mid
14447.0,611.18353,High
14448.0,106.47016,Low
14449.0,389.03812,Mid
14450.0,474.31174,Mid
14451.0,336.82727,Mid
14453.0,119.60966,Low
14457.0,105.073586,Low
14459.0,1832.1709,VIP
14460.0,224.64221,Low
14461.0,1750.2896,VIP
14462.0,1069.5929,High
14463.0,293.18204,Mid
14465.0,1058.138,High
14466.0,1366.318,VIP
14467.0,134.07422,Low
14470.0,299.60092,Mid
14472.0,1855.5037,VIP
14473.0,83.7497,Low
14475.0,492.26807,High
14476.0,215.5039,Low
14477.0,542.16876,High
14479.0,303.073,Mid
14481.0,652.26575,High
14482.0,237.31007,Low
14483.0,134.0297,Low
14487.0,114.06369,Low
14489.0,457.43802,Mid
14491.0,340.92676,Mid
14493.0,608.4922,High
14496.0,434.4535,Mid
14497.0,428.97012,Mid
14498.0,914.11145,High
14499.0,126.73198,Low
14500.0,272.36282,Mid
14501.0,252.69586,Mid
14502.0,1033.34,High
14503.0,591.1237,High
14504.0,560.5992,High
14505.0,3156.074,VIP
14506.0,819.0139,High
14507.0,612.30237,High
14512.0,274.92392,Mid
14513.0,296.85107,Mid
14514.0,410.36636,Mid
14515.0,757.4021,High
14520.0,167.55171,Low
14522.0,300.22446,Mid
14524.0,1028.1267,High
14525.0,2038.3033,VIP
14527.0,3799.1462,VIP
14530.0,1559.4387,VIP
14532.0,864.95886,High
14533.0,417.92715,Mid
14534.0,2807.4373,VIP
14535.0,849.99585,High
14536.0,165.58505,Low
14538.0,132.55069,Low
14540.0,197.33595,Low
14541.0,1325.3376,VIP
14542.0,105.89756,Low
14543.0,2270.6611,VIP
14544.0,1134.5756,VIP
14546.0,858.0195,High
14548.0,710.08234,High
14549.0,293.88058,Mid
14551.0,132.26276,Low
14552.0,184.15343,Low
14553.0,338.95282,Mid
14555.0,190.43567,Low
14560.0,1259.2212,VIP
14561.0,535.1381,High
14562.0,1456.7477,VIP
14565.0,1883.0062,VIP
14570.0,214.35083,Low
14572.0,1052.5034,High
14573.0,1494.6359,VIP
14576.0,24.090946,Low
14577.0,636.86346,High
14583.0,491.38202,High
14584.0,840.9386,High
14586.0,143.09988,Low
14587.0,1490.8009,VIP
14589.0,38.682606,Low
14591.0,233.67839,Low
14593.0,340.2087,Mid
14594.0,247.87064,Mid
14595.0,174.66306,Low
14597.0,186.03366,Low
14600.0,377.1056,Mid
14603.0,650.0616,High
14606.0,3882.5054,VIP
14607.0,532.56287,High
14608.0,217.15572,Low
14609.0,306.13983,Mid
14616.0,378.7292,Mid
14618.0,206.39424,Low
14619.0,386.5488,Mid
14620.0,371.7478,Mid
14621.0,1038.9055,High
14622.0,309.75586,Mid
14623.0,385.75958,Mid
14625.0,770.4775,High
14626.0,570.5565,High
14627.0,-28.35172,Low
14628.0,343.95398,Mid
14631.0,610.654,High
14632.0,107.2507,Low
14633.0,338.24622,Mid
14636.0,307.07352,Mid
14639.0,1225.3534,VIP
14640.0,856.6054,High
14643.0,645.1233,High
14644.0,192.78166,Low
14645.0,584.13873,High
14646.0,135939.19,VIP
14647.0,246.08711,Mid
14649.0,589.5666,High
14651.0,402.4486,Mid
14653.0,330.41785,Mid
14655.0,811.47516,High
14656.0,297.92453,Mid
14657.0,646.83276,High
14659.0,1526.877,VIP
14662.0,535.1628,High
14665.0,706.97253,High
14667.0,4802.985,VIP
14669.0,1245.1343,VIP
14670.0,393.79926,Mid
14672.0,758.683,High
14673.0,373.0852,Mid
14676.0,1290.174,VIP
14679.0,-16.397264,Low
14680.0,18915.787,VIP
14681.0,370.8682,Mid
14682.0,39.273365,Low
14684.0,511.5601,High
14688.0,3331.5068,VIP
14689.0,104.85034,Low
14690.0,204.55241,Low
14691.0,402.3717,Mid
14692.0,467.99365,Mid
14693.0,168.52824,Low
14696.0,1203.001,VIP
14697.0,185.48192,Low
14699.0,107.30438,Low
14700.0,1550.8265,VIP
14701.0,1826.7328,VIP
14702.0,1547.3776,VIP
14704.0,97.488365,Low
14705.0,170.40276,Low
14708.0,675.96936,High
14709.0,2325.82,VIP
14711.0,1859.2678,VIP
14713.0,1456.5396,VIP
14715.0,244.09854,Mid
14716.0,185.01028,Low
14719.0,490.74063,Mid
14723.0,523.37616,High
14727.0,282.3376,Mid
14729.0,291.30426,Mid
14730.0,756.67303,High
14731.0,240.63487,Mid
14732.0,1291.6915,VIP
14733.0,8326.041,VIP
14735.0,2530.438,VIP
14737.0,459.2741,Mid
14738.0,521.66626,High
14739.0,1363.537,VIP
14740.0,1432.3146,VIP
14741.0,683.85614,High
14744.0,976.45044,High
14745.0,565.03925,High
14747.0,294.68048,Mid
14748.0,663.97656,High
14754.0,229.32182,Low
14755.0,2160.0232,VIP
14758.0,1234.5864,VIP
14759.0,548.08673,High
14760.0,52.34277,Low
14761.0,98.242836,Low
14762.0,297.0302,Mid
14765.0,69.80509,Low
14766.0,1593.6196,VIP
14769.0,5816.497,VIP
14770.0,876.6162,High
14775.0,393.3344,Mid
14776.0,1423.744,VIP
14777.0,-14.10359,Low
14778.0,331.298,Mid
14779.0,397.82327,Mid
14782.0,206.39424,Low
14784.0,108.966446,Low
14790.0,152.95674,Low
14794.0,616.49646,High
14795.0,149.13998,Low
14796.0,4439.3945,VIP
14798.0,77.53145,Low
14800.0,3245.3616,VIP
14803.0,816.7419,High
14805.0,93.962456,Low
14808.0,1192.3739,VIP
14810.0,1259.7029,VIP
14813.0,159.85066,Low
14816.0,265.05365,Mid
14817.0,1069.9019,High
14818.0,391.52682,Mid
14819.0,90.290985,Low
14820.0,125.03184,Low
14821.0,41.001648,Low
14823.0,314.3444,Mid
14825.0,1219.9493,VIP
14828.0,2117.332,VIP
14829.0,473.147,Mid
14834.0,222.09137,Low
14837.0,930.071,High
14840.0,64.43488,Low
14841.0,2374.778,VIP
14842.0,1367.9796,VIP
14844.0,1548.4663,VIP
14847.0,311.05795,Mid
14849.0,3372.846,VIP
14850.0,287.4856,Mid
14851.0,217.72032,Low
14852.0,1227.2151,VIP
14853.0,227.23647,Low
14854.0,1900.0514,VIP
14859.0,304.4998,Mid
14862.0,298.962,Mid
14865.0,44.86411,Low
14866.0,101.406944,Low
14867.0,669.518,High
14868.0,904.03955,High
14870.0,315.7694,Mid
14871.0,357.0158,Mid
14873.0,541.85,High
14875.0,364.38025,Mid
14878.0,1069.5806,High
14880.0,393.58017,Mid
14883.0,359.26077,Mid
14886.0,350.14905,Mid
14888.0,363.15485,Mid
14889.0,135.86696,Low
14890.0,119.15111,Low
14891.0,451.99286,Mid
14895.0,4620.102,VIP
14896.0,518.5753,High
14897.0,184.29292,Low
14898.0,531.5786,High
14901.0,483.2007,Mid
14903.0,1743.7817,VIP
14905.0,609.7818,High
14907.0,959.5456,High
14911.0,48713.402,VIP
14912.0,432.38873,Mid
14913.0,812.91254,High
14915.0,125.192345,Low
14916.0,709.59515,High
14918.0,748.0712,High
14920.0,997.83105,High
14921.0,902.715,High
14924.0,306.61023,Mid
14930.0,1068.8705,High
14931.0,293.22852,Mid
14932.0,342.0502,Mid
14934.0,846.84503,High
14935.0,1835.7012,VIP
14936.0,3998.9224,VIP
14944.0,1818.6523,VIP
14948.0,285.22186,Mid
14952.0,3459.5764,VIP
14957.0,52.321312,Low
14958.0,380.57935,Mid
14959.0,423.34888,Mid
14960.0,88.859985,Low
14961.0,3741.0508,VIP
14962.0,130.733,Low
14963.0,312.7223,Mid
14964.0,203.86157,Low
14970.0,787.27496,High
14973.0,639.6516,High
14976.0,425.94644,Mid
14978.0,1541.5122,VIP
14981.0,95.26069,Low
14984.0,115.07637,Low
14985.0,304.9321,Mid
14987.0,160.03043,Low
14988.0,350.59488,Mid
14995.0,106.841675,Low
14997.0,162.4292,Low
14998.0,430.07028,Mid
15002.0,1197.3824,VIP
15005.0,3623.8555,VIP
15007.0,155.29924,Low
15012.0,182.21664,Low
15014.0,131.4688,Low
15016.0,172.02014,Low
15018.0,247.86223,Mid
15019.0,248.13187,Mid
15021.0,1138.2532,VIP
15023.0,4050.7231,VIP
15024.0,690.9238,High
15026.0,240.17006,Mid
15027.0,1009.53156,High
15028.0,188.0122,Low
15030.0,141.11386,Low
15031.0,151.92365,Low
15032.0,4425.6875,VIP
15033.0,1338.3348,VIP
15034.0,2729.6514,VIP
15036.0,255.06863,Mid
15038.0,511.3134,High
15039.0,15980.919,VIP
15041.0,157.08897,Low
15042.0,153.947,Low
15044.0,5013.0854,VIP
15045.0,614.24896,High
15046.0,2763.8892,VIP
15047.0,344.7287,Mid
15048.0,263.02072,Mid
15049.0,133.68372,Low
15051.0,361.6312,Mid
15052.0,203.55162,Low
15053.0,473.90454,Mid
15057.0,1672.7435,VIP
15058.0,1010.83014,High
15059.0,733.3601,High
15061.0,32431.271,VIP
15062.0,815.10297,High
15063.0,356.00943,Mid
15065.0,2862.645,VIP
15067.0,856.67303,High
15068.0,247.69891,Mid
15069.0,1176.5503,VIP
15070.0,101.406944,Low
15071.0,578.6344,High
15073.0,464.21527,Mid
15076.0,874.0762,High
15078.0,4675.2856,VIP
15079.0,903.32214,High
15081.0,230.78098,Low
15083.0,85.020744,Low
15087.0,314.6073,Mid
15090.0,381.70474,Mid
15092.0,465.0087,Mid
15093.0,3283.895,VIP
15095.0,759.9888,High
15098.0,641.0411,High
15100.0,654.2189,High
15101.0,94.400665,Low
15104.0,964.40717,High
15106.0,765.19543,High
15107.0,251.14241,Mid
15108.0,623.97485,High
15109.0,445.52277,Mid
15110.0,166.27136,Low
15111.0,282.99426,Mid
15114.0,1040.1005,High
15116.0,452.07907,Mid
15117.0,321.59482,Mid
15119.0,286.53766,Mid
15121.0,283.1542,Mid
15122.0,894.32886,High
15123.0,1057.0701,High
15124.0,94.627846,Low
15125.0,8697.271,VIP
15128.0,811.32324,High
15129.0,1740.0774,VIP
15130.0,339.54913,Mid
15132.0,472.70682,Mid
15133.0,690.1624,High
15134.0,414.98538,Mid
15135.0,134.38716,Low
15139.0,179.03194,Low
15140.0,1105.0494,High
15143.0,273.74454,Mid
15144.0,2067.7979,VIP
15145.0,667.3513,High
15146.0,1250.2843,VIP
15147.0,601.52673,High
15150.0,1843.5377,VIP
15152.0,718.7746,High
15157.0,1455.5077,VIP
15159.0,6830.3574,VIP
15160.0,152.28854,Low
15163.0,157.77328,Low
15164.0,365.86258,Mid
15165.0,494.97073,High
15167.0,163.11475,Low
15171.0,1061.0933,High
15172.0,533.14264,High
15174.0,126.10887,Low
15178.0,40.114124,Low
15179.0,1398.3389,VIP
15180.0,91.102455,Low
15181.0,404.09262,Mid
15182.0,634.7547,High
15184.0,229.90274,Low
15186.0,232.19476,Low
15187.0,984.1131,High
15189.0,7408.1006,VIP
15192.0,710.36707,High
15194.0,3996.1382,VIP
15197.0,349.1548,Mid
15199.0,656.0724,High
15201.0,595.054,High
15203.0,702.95605,High
15204.0,311.0395,Mid
15206.0,-2.1723833,Low
15208.0,316.14294,Mid
15210.0,337.33667,Mid
15211.0,371.47437,Mid
15212.0,91.40656,Low
15213.0,314.95557,Mid
15214.0,646.33093,High
15215.0,-44.404835,Low
15218.0,2321.0178,VIP
15219.0,265.67783,Mid
15220.0,916.8325,High
15221.0,107.34332,Low
15222.0,576.9761,High
15223.0,462.14505,Mid
15224.0,314.2129,Mid
15225.0,391.74554,Mid
15226.0,149.23015,Low
15227.0,892.2799,High
15228.0,1303.3087,VIP
15230.0,448.21347,Mid
15234.0,208.73395,Low
15235.0,2228.9287,VIP
15236.0,321.28085,Mid
15237.0,1085.4994,High
15238.0,280.57697,Mid
15240.0,1051.6213,High
15241.0,1327.2158,VIP
15244.0,295.50055,Mid
15245.0,1730.3953,VIP
15246.0,510.4338,High
15249.0,3649.9102,VIP
15251.0,6223.0513,VIP
15252.0,309.00864,Mid
15253.0,188.53622,Low
15256.0,104.72914,Low
15257.0,217.7031,Low
15258.0,614.0945,High
15260.0,1251.0251,VIP
15262.0,182.09541,Low
15265.0,1547.4478,VIP
15266.0,117.72772,Low
15267.0,1442.059,VIP
15270.0,1317.4823,VIP
15271.0,1040.2032,High
15279.0,267.84558,Mid
15280.0,126.80303,Low
15281.0,1918.0671,VIP
15288.0,1959.2719,VIP
15289.0,371.38135,Mid
15290.0,2409.4612,VIP
15291.0,3306.9915,VIP
15292.0,161.74144,Low
15296.0,2023.6204,VIP
15298.0,1800.8188,VIP
15299.0,2387.846,VIP
15301.0,2782.2412,VIP
15303.0,576.9236,High
15304.0,452.30716,Mid
15308.0,304.44974,Mid
15311.0,37687.473,VIP
15312.0,584.8634,High
15314.0,337.5849,Mid
15316.0,154.804,Low
15319.0,200.37167,Low
15321.0,1212.9845,VIP
15326.0,305.0334,Mid
15329.0,291.92465,Mid
15332.0,1686.2335,VIP
15333.0,1017.3192,High
15334.0,379.68506,Mid
15339.0,249.99171,Mid
15346.0,253.92157,Mid
15347.0,196.23857,Low
15349.0,498.39398,High
15350.0,123.62834,Low
15351.0,262.73877,Mid
15353.0,788.1097,High
15356.0,2197.3584,VIP
15358.0,4379.143,VIP
15361.0,387.979,Mid
15363.0,328.8378,Mid
15364.0,332.56796,Mid
15365.0,229.24638,Low
15366.0,98.24298,Low
15367.0,1402.0471,VIP
15370.0,1141.8577,VIP
15373.0,1134.6003,VIP
15376.0,665.56177,High
15379.0,3554.5068,VIP
15380.0,217.15572,Low
15381.0,588.08923,High
15382.0,2068.9453,VIP
15384.0,630.10297,High
15386.0,374.57904,Mid
15388.0,140.93507,Low
15389.0,513.164,High
15392.0,315.25702,Mid
15393.0,118.81049,Low
15394.0,1451.2834,VIP
15395.0,107.74732,Low
15397.0,103.33126,Low
15400.0,416.4365,Mid
15402.0,639.5488,High
15405.0,335.101,Mid
15406.0,256.78815,Mid
15407.0,740.3666,High
15408.0,278.3232,Mid
15410.0,2439.562,VIP
15411.0,157.31618,Low
15412.0,198.12035,Low
15414.0,46.77501,Low
15415.0,572.52496,High
15416.0,3080.031,VIP
15421.0,699.1185,High
15422.0,95.10227,Low
15424.0,359.59283,Mid
15426.0,656.6931,High
15433.0,507.43097,High
15434.0,262.29492,Mid
15436.0,514.8726,High
15437.0,199.54228,Low
15440.0,126.25105,Low
15442.0,602.39374,High
15443.0,429.36487,Mid
15445.0,128.27371,Low
15447.0,159.90683,Low
15448.0,491.5839,High
15449.0,616.37085,High
15452.0,229.89607,Low
15453.0,319.20236,Mid
15454.0,165.07439,Low
15456.0,428.11612,Mid
15457.0,243.69548,Mid
15460.0,210.00035,Low
15462.0,105.89756,Low
15464.0,1035.8417,High
15465.0,5088.447,VIP
15467.0,308.47098,Mid
15468.0,15.439643,Low
15482.0,2188.0862,VIP
15483.0,229.96507,Low
15485.0,1288.4846,VIP
15489.0,348.43384,Mid
15491.0,2369.9814,VIP
15493.0,1330.0894,VIP
15497.0,965.48285,High
15498.0,7700.2764,VIP
15502.0,2187.0132,VIP
15503.0,154.96432,Low
15505.0,977.14746,High
15507.0,519.6515,High
15508.0,948.1143,High
15510.0,239.23058,Mid
15512.0,127.3296,Low
15513.0,6958.4536,VIP
15514.0,1415.893,VIP
15517.0,292.88553,Mid
15518.0,1327.781,VIP
15521.0,1612.7947,VIP
15525.0,315.82095,Mid
15527.0,1170.7595,VIP
15528.0,238.71384,Mid
15529.0,1925.801,VIP
15530.0,1130.9175,High
15532.0,834.2212,High
15535.0,477.03958,Mid
15537.0,120.55663,Low
15543.0,127.99666,Low
15544.0,2452.0337,VIP
15545.0,111.896774,Low
15547.0,2404.1233,VIP
15549.0,1614.3721,VIP
15550.0,306.6503,Mid
15552.0,76.30835,Low
15554.0,228.31851,Low
15555.0,2552.6033,VIP
15561.0,373.98752,Mid
15562.0,166.87994,Low
15563.0,720.5305,High
15569.0,305.5179,Mid
15570.0,2475.4324,VIP
15572.0,859.30676,High
15574.0,743.96326,High
15577.0,266.9271,Mid
15578.0,125.87443,Low
15579.0,209.39223,Low
15581.0,740.84534,High
15582.0,308.7933,Mid
15584.0,146.12117,Low
15585.0,430.50162,Mid
15587.0,345.12744,Mid
15589.0,440.5057,Mid
15590.0,-1042.2336,Low
15594.0,256.10272,Mid
15596.0,1325.3247,VIP
15599.0,457.9563,Mid
15601.0,5124.969,VIP
15602.0,338.71225,Mid
15605.0,667.1131,High
15606.0,2120.2437,VIP
15607.0,102.48619,Low
15609.0,269.63403,Mid
15611.0,496.7659,High
15615.0,5905.166,VIP
15620.0,851.0713,High
15622.0,2587.2476,VIP
15624.0,302.6251,Mid
15625.0,966.0068,High
15626.0,285.1127,Mid
15628.0,1003.6106,High
15630.0,382.81015,Mid
15632.0,1547.3434,VIP
15636.0,309.0594,Mid
15638.0,-1042.2336,Low
15640.0,6756.44,VIP
15641.0,1300.438,VIP
15643.0,635.21826,High
15644.0,808.18396,High
15646.0,416.52493,Mid
15648.0,615.03375,High
15649.0,815.9973,High
15651.0,226.36598,Low
15655.0,504.4095,High
15656.0,550.1459,High
15658.0,1000.38495,High
15660.0,694.4167,High
15661.0,315.77933,Mid
15664.0,-22.16315,Low
15665.0,2160.7805,VIP
15668.0,101.60822,Low
15669.0,424.7029,Mid
15670.0,189.29123,Low
15671.0,1025.1761,High
15673.0,2064.521,VIP
15674.0,684.0198,High
15675.0,229.4079,Low
15676.0,870.9144,High
15679.0,253.5431,Mid
15680.0,489.7187,Mid
15681.0,700.4881,High
15687.0,1674.5087,VIP
15689.0,107.069176,Low
15691.0,158.5151,Low
15694.0,2808.6797,VIP
15695.0,439.453,Mid
15696.0,1568.7915,VIP
15700.0,671.7692,High
15703.0,216.98375,Low
15704.0,1502.4546,VIP
15705.0,153.08986,Low
15708.0,2058.981,VIP
15709.0,140.92789,Low
15712.0,457.13666,Mid
15713.0,164.21428,Low
15716.0,876.69037,High
15717.0,158.10536,Low
15719.0,3176.5278,VIP
15722.0,733.49554,High
15723.0,210.80888,Low
15724.0,224.7651,Low
15727.0,3196.2031,VIP
15729.0,51.85622,Low
15730.0,467.05096,Mid
15732.0,296.16934,Mid
15733.0,166.27136,Low
15734.0,539.082,High
15737.0,658.31445,High
15738.0,3256.7737,VIP
15743.0,303.7857,Mid
15745.0,304.5991,Mid
15747.0,246.1826,Mid
15749.0,21539.564,VIP
15750.0,1091.2628,High
15752.0,1285.8021,VIP
15753.0,89.20427,Low
15754.0,99.78689,Low
15755.0,614.46124,High
15756.0,385.40646,Mid
15757.0,265.24908,Mid
15759.0,257.22568,Mid
15764.0,1730.224,VIP
15768.0,424.9183,Mid
15769.0,33374.703,VIP
15775.0,112.19434,Low
15777.0,966.4197,High
15780.0,473.27194,Mid
15781.0,85.92329,Low
15785.0,1654.3138,VIP
15789.0,343.1487,Mid
15791.0,1208.6407,VIP
15793.0,300.64456,Mid
15795.0,625.7113,High
15796.0,1227.8735,VIP
15797.0,2204.5781,VIP
15799.0,476.4632,Mid
15800.0,255.54332,Mid
15804.0,1114.8065,High
15805.0,2954.9055,VIP
15806.0,526.601,High
15808.0,3496.5947,VIP
15809.0,407.37067,Mid
15810.0,1388.1351,VIP
15811.0,1285.9058,VIP
15812.0,1488.4408,VIP
15813.0,1277.8232,VIP
15815.0,1385.8173,VIP
15819.0,1196.8696,VIP
15820.0,198.5373,Low
15822.0,425.4603,Mid
15823.0,-783.4188,Low
15825.0,491.08755,High
15826.0,708.97925,High
15827.0,935.9705,High
15831.0,255.76955,Mid
15832.0,863.3243,High
15834.0,1615.0382,VIP
15835.0,521.64026,High
15838.0,10027.265,VIP
15840.0,224.54541,Low
15841.0,607.5483,High
15843.0,111.47987,Low
15845.0,1863.9204,VIP
15847.0,176.91031,Low
15850.0,111.84341,Low
15852.0,159.08075,Low
15854.0,2038.0068,VIP
15855.0,473.28143,Mid
15856.0,8305.847,VIP
15858.0,811.65076,High
15860.0,417.7247,Mid
15861.0,783.29144,High
15862.0,510.64932,High
15863.0,0.09232783,Low
15864.0,403.17465,Mid
15865.0,319.34335,Mid
15867.0,2051.269,VIP
15869.0,153.40547,Low
15874.0,2186.0698,VIP
15880.0,309.6489,Mid
15881.0,452.9867,Mid
15882.0,509.4817,High
15885.0,0.43112722,Low
15889.0,447.50375,Mid
15891.0,521.807,High
15894.0,253.10466,Mid
15895.0,173.93216,Low
15897.0,211.615,Low
15898.0,985.42944,High
15899.0,50.140457,Low
15901.0,119.20988,Low
15903.0,648.2026,High
15906.0,644.74304,High
15907.0,513.30096,High
15909.0,198.64133,Low
15910.0,682.382,High
15912.0,270.57306,Mid
15916.0,820.9392,High
15917.0,109.98405,Low
15918.0,353.58194,Mid
15919.0,273.3213,Mid
15920.0,167.1317,Low
15921.0,336.97952,Mid
15922.0,364.94788,Mid
15923.0,97.032234,Low
15925.0,224.7651,Low
15932.0,1547.2316,VIP
15935.0,396.5475,Mid
15938.0,337.42963,Mid
15939.0,4883.9985,VIP
15940.0,27.161325,Low
15944.0,311.58167,Mid
15945.0,169.97504,Low
15950.0,419.8342,Mid
15951.0,382.98508,Mid
15952.0,326.33475,Mid
15953.0,791.9903,High
15955.0,1444.0671,VIP
15965.0,165.27036,Low
15967.0,183.29187,Low
15969.0,308.2878,Mid
15970.0,315.28735,Mid
15971.0,1403.5413,VIP
15973.0,103.95386,Low
15974.0,2028.0281,VIP
15976.0,421.55548,Mid
15980.0,750.6759,High
15981.0,2021.366,VIP
15983.0,1155.3693,VIP
15984.0,772.3565,High
15985.0,740.3042,High
15987.0,787.16016,High
15990.0,388.18182,Mid
15996.0,776.4947,High
15998.0,2087.7393,VIP
16003.0,1738.5107,VIP
16005.0,282.13733,Mid
16006.0,95.94417,Low
16007.0,736.5693,High
16008.0,151.36766,Low
16009.0,478.87027,Mid
16010.0,418.5019,Mid
16011.0,1442.3978,VIP
16012.0,372.0844,Mid
16013.0,14586.6045,VIP
16014.0,556.3671,High
16016.0,789.74915,High
16018.0,161.0951,Low
16019.0,2561.597,VIP
16022.0,642.70465,High
16023.0,503.9305,High
16027.0,539.7222,High
16029.0,52449.45,VIP
16030.0,329.046,Mid
16031.0,338.33908,Mid
16033.0,4067.114,VIP
16034.0,441.1718,Mid
16036.0,196.49408,Low
16037.0,870.8623,High
16038.0,372.164,Mid
16040.0,441.29327,Mid
16042.0,-12.510931,Low
16043.0,668.754,High
16045.0,1173.9751,VIP
16048.0,247.51845,Mid
16050.0,138.67674,Low
16055.0,134.65271,Low
16057.0,940.96106,High
16059.0,951.66315,High
16061.0,-1042.2336,Low
16062.0,584.7921,High
16063.0,336.4615,Mid
16065.0,357.79355,Mid
16072.0,580.75195,High
16073.0,93.511986,Low
16076.0,306.1458,Mid
16078.0,95.65171,Low
16080.0,98.76629,Low
16081.0,1003.54987,High
16083.0,338.40442,Mid
16084.0,444.44052,Mid
16085.0,314.91617,Mid
16086.0,606.9154,High
16091.0,304.47192,Mid
16092.0,575.75684,High
16094.0,208.31476,Low
16096.0,332.9313,Mid
16097.0,202.24953,Low
16098.0,1580.1826,VIP
16099.0,315.50952,Mid
16103.0,1166.8062,VIP
16105.0,336.59125,Mid
16107.0,525.69653,High
16109.0,613.8702,High
16110.0,719.5694,High
16112.0,155.29924,Low
16113.0,155.08943,Low
16114.0,124.62691,Low
16115.0,672.4161,High
16116.0,588.00183,High
16117.0,218.76016,Low
16121.0,267.5936,Mid
16122.0,249.87434,Mid
16124.0,187.22702,Low
16125.0,286.20697,Mid
16126.0,1853.865,VIP
16128.0,381.3247,Mid
16131.0,1737.9069,VIP
16133.0,6613.8306,VIP
16134.0,274.4217,Mid
16135.0,499.34607,High
16136.0,148.80136,Low
16138.0,-4.8790975,Low
16139.0,141.61525,Low
16140.0,118.10732,Low
16142.0,531.02936,High
16143.0,1578.2197,VIP
16144.0,166.11664,Low
16145.0,1941.7605,VIP
16146.0,736.3676,High
16148.0,85.95825,Low
16150.0,871.10596,High
16152.0,1804.885,VIP
16153.0,681.94684,High
16156.0,1378.1091,VIP
16159.0,343.79358,Mid
16161.0,2479.0947,VIP
16162.0,39.626286,Low
16163.0,390.15778,Mid
16168.0,1662.3961,VIP
16170.0,966.72687,High
16172.0,552.43445,High
16174.0,306.26205,Mid
16175.0,741.92126,High
16180.0,4250.6367,VIP
16182.0,2431.6035,VIP
16184.0,457.06396,Mid
16185.0,325.85904,Mid
16186.0,1333.5751,VIP
16187.0,3613.4744,VIP
16188.0,556.26337,High
16191.0,2612.5557,VIP
16193.0,318.51242,Mid
16200.0,530.8453,High
16202.0,363.17212,Mid
16203.0,303.68933,Mid
16205.0,115.94275,Low
16206.0,286.4902,Mid
16208.0,491.39435,High
16209.0,1854.3552,VIP
16210.0,10565.417,VIP
16212.0,487.74805,Mid
16214.0,1047.2977,High
16216.0,902.7729,High
16217.0,268.83435,Mid
16218.0,1765.6462,VIP
16221.0,342.29443,Mid
16222.0,848.17444,High
16224.0,555.0649,High
16225.0,940.3862,High
16226.0,251.1387,Mid
16227.0,308.18936,Mid
16229.0,354.1535,Mid
16230.0,517.2619,High
16232.0,359.23807,Mid
16233.0,222.88292,Low
16235.0,641.3558,High
16239.0,300.77512,Mid
16241.0,1000.9485,High
16242.0,844.6852,High
16244.0,1517.6583,VIP
16245.0,426.02805,Mid
16247.0,126.34898,Low
16249.0,1056.4293,High
16250.0,391.11823,Mid
16252.0,-281.86508,Low
16253.0,1518.1614,VIP
16255.0,1044.8363,High
16256.0,618.6332,High
16257.0,26.16981,Low
16258.0,1834.1422,VIP
16261.0,273.07004,Mid
16262.0,-33.50993,Low
16265.0,3634.864,VIP
16266.0,478.2585,Mid
16270.0,1115.3403,High
16271.0,131.47446,Low
16274.0,373.17252,Mid
16275.0,578.4733,High
16276.0,750.6081,High
16279.0,335.45248,Mid
16282.0,164.25455,Low
16283.0,482.4927,Mid
16287.0,128.66791,Low
16293.0,1120.1703,High
16297.0,273.21216,Mid
16298.0,110.609215,Low
16303.0,846.7722,High
16306.0,614.6767,High
16308.0,892.9082,High
16309.0,325.92148,Mid
16315.0,234.58461,Low
16316.0,2187.4653,VIP
16317.0,992.89343,High
16319.0,388.50757,Mid
16320.0,1070.5499,High
16321.0,158.79005,Low
16323.0,232.48,Low
16324.0,161.70773,Low
16325.0,361.51996,Mid
16326.0,1048.875,High
16327.0,2481.926,VIP
16332.0,423.93683,Mid
16333.0,13099.035,VIP
16338.0,215.08394,Low
16339.0,102.5837,Low
16341.0,774.80334,High
16342.0,142.12854,Low
16344.0,102.00087,Low
16348.0,645.99133,High
16349.0,85.42704,Low
16350.0,361.75598,Mid
16351.0,146.33119,Low
16353.0,2179.6616,VIP
16356.0,227.13689,Low
16357.0,272.42606,Mid
16358.0,445.3246,Mid
16359.0,969.97205,High
16365.0,610.5298,High
16367.0,191.76277,Low
16369.0,372.3926,Mid
16370.0,558.0494,High
16374.0,148.75467,Low
16377.0,651.70044,High
16378.0,350.94604,Mid
16383.0,306.0479,Mid
16384.0,414.52014,Mid
16385.0,279.68896,Mid
16386.0,58.856636,Low
16387.0,78.49115,Low
16389.0,694.39813,High
16392.0,219.64607,Low
16393.0,1290.4727,VIP
16394.0,918.5294,High
16395.0,973.86475,High
16398.0,1721.9092,VIP
16399.0,164.26073,Low
16401.0,1879.2062,VIP
16402.0,305.04297,Mid
16403.0,155.45695,Low
16405.0,176.42894,Low
16407.0,781.3801,High
16409.0,997.75183,High
16411.0,133.55154,Low
16414.0,56.518112,Low
16418.0,143.91087,Low
16419.0,771.01874,High
16422.0,23354.215,VIP
16424.0,87.00575,Low
16425.0,305.2916,Mid
16426.0,316.5619,Mid
16427.0,247.69649,Mid
16431.0,684.4952,High
16434.0,675.6778,High
16440.0,256.3483,Mid
16441.0,210.57735,Low
16442.0,429.98413,Mid
16444.0,254.78462,Mid
16446.0,11.177159,Low
16448.0,198.44925,Low
16449.0,690.84436,High
16450.0,305.90292,Mid
16454.0,-9.93484,Low
16455.0,1115.5404,High
16456.0,1591.7489,VIP
16457.0,223.95412,Low
16458.0,1481.0255,VIP
16461.0,161.57054,Low
16462.0,64.75355,Low
16463.0,309.40286,Mid
16466.0,541.74695,High
16469.0,285.46597,Mid
16470.0,341.48697,Mid
16471.0,228.45848,Low
16473.0,323.16077,Mid
16475.0,364.65292,Mid
16477.0,1576.8489,VIP
16483.0,132.64217,Low
16484.0,408.1365,Mid
16488.0,215.2011,Low
16493.0,718.1304,High
16494.0,840.7321,High
16495.0,250.99615,Mid
16496.0,1189.2385,VIP
16497.0,1563.4633,VIP
16498.0,82.73134,Low
16499.0,330.22095,Mid
16500.0,154.804,Low
16503.0,1078.434,High
16509.0,349.17273,Mid
16510.0,254.0664,Mid
16511.0,332.5356,Mid
16515.0,962.4485,High
16517.0,183.7152,Low
16518.0,192.66928,Low
16519.0,101.27548,Low
16520.0,1031.2262,High
16523.0,3506.567,VIP
16525.0,8675.411,VIP
16526.0,293.38467,Mid
16529.0,443.885,Mid
16531.0,463.0469,Mid
16532.0,1855.8164,VIP
16539.0,1100.2623,High
16545.0,356.06204,Mid
16546.0,-75.09422,Low
16549.0,111.99303,Low
16550.0,1791.3202,VIP
16551.0,303.35275,Mid
16552.0,353.7318,Mid
16553.0,5693.7754,VIP
16554.0,238.73558,Mid
16556.0,2031.4756,VIP
16558.0,3608.7646,VIP
16560.0,312.56433,Mid
16565.0,183.63336,Low
16566.0,577.03656,High
16567.0,876.5783,High
16570.0,1779.0149,VIP
16571.0,858.13116,High
16572.0,628.02954,High
16573.0,287.89087,Mid
16579.0,-91.63547,Low
16581.0,46.240616,Low
16583.0,251.51303,Mid
16584.0,568.7391,High
16586.0,516.4717,High
16587.0,222.09137,Low
16589.0,118.26213,Low
16592.0,1455.0237,VIP
16593.0,250.67133,Mid
16596.0,117.72772,Low
16598.0,128.99716,Low
16600.0,225.41504,Low
16607.0,1452.9349,VIP
16609.0,2185.2144,VIP
16610.0,81.37203,Low
16611.0,112.85937,Low
16612.0,735.06525,High
16614.0,519.6938,High
16616.0,214.67085,Low
16617.0,159.83884,Low
16618.0,1489.6155,VIP
16619.0,199.35837,Low
16620.0,100.50891,Low
16621.0,548.10944,High
16623.0,134.91718,Low
16624.0,424.27463,Mid
16625.0,337.4748,Mid
16626.0,1710.9309,VIP
16628.0,685.6376,High
16633.0,668.09924,High
16634.0,238.42052,Mid
16637.0,301.2399,Mid
16638.0,1236.2452,VIP
16639.0,465.75165,Mid
16642.0,305.6123,Mid
16643.0,496.29694,High
16644.0,838.54987,High
16647.0,223.7258,Low
16652.0,3048.4385,VIP
16654.0,534.74713,High
16655.0,1268.6254,VIP
16656.0,4384.226,VIP
16657.0,437.01825,Mid
16658.0,116.753395,Low
16659.0,38.552254,Low
16660.0,378.64105,Mid
16665.0,135.96661,Low
16667.0,210.76176,Low
16668.0,195.27525,Low
16670.0,2414.247,VIP
16671.0,1334.711,VIP
16672.0,4956.2383,VIP
16676.0,1061.2946,High
16678.0,1260.5981,VIP
16679.0,139.53424,Low
16681.0,907.97833,High
16682.0,528.0361,High
16684.0,24299.816,VIP
16686.0,1212.1925,VIP
16690.0,67.33656,Low
16692.0,1169.3776,VIP
16693.0,157.7159,Low
16696.0,581.2016,High
16697.0,108.8514,Low
16698.0,2006.8473,VIP
16700.0,3704.696,VIP
16701.0,3424.1726,VIP
16705.0,6584.736,VIP
16709.0,1988.4963,VIP
16710.0,1645.0315,VIP
16711.0,569.8368,High
16712.0,1661.0802,VIP
16713.0,3077.8652,VIP
16714.0,879.00775,High
16716.0,300.64456,Mid
16717.0,1079.0062,High
16718.0,620.31665,High
16719.0,1270.4987,VIP
16721.0,310.609,Mid
16722.0,2576.0933,VIP
16725.0,763.14655,High
16726.0,812.9392,High
16727.0,267.3828,Mid
16728.0,580.7831,High
16729.0,3951.0496,VIP
16730.0,434.01376,Mid
16735.0,1079.9346,High
16738.0,10.20196,Low
16739.0,316.10944,Mid
16743.0,1555.6069,VIP
16744.0,88.101654,Low
16745.0,4641.335,VIP
16746.0,3114.6118,VIP
16748.0,919.76227,High
16750.0,115.355034,Low
16752.0,217.4156,Low
16754.0,1981.7844,VIP
16755.0,893.6971,High
16756.0,257.0658,Mid
16757.0,107.74732,Low
16763.0,606.7898,High
16765.0,3.5475118,Low
16766.0,1151.0168,VIP
16767.0,2908.012,VIP
16768.0,183.67293,Low
16769.0,396.80997,Mid
16770.0,630.1579,High
16771.0,1835.1898,VIP
16774.0,144.8534,Low
16775.0,903.2679,High
16777.0,182.07228,Low
16778.0,100.50891,Low
16779.0,5639.7646,VIP
16780.0,153.60178,Low
16781.0,294.00626,Mid
16782.0,1482.8148,VIP
16788.0,274.99332,Mid
16791.0,569.77094,High
16792.0,107.447975,Low
16794.0,262.89844,Mid
16795.0,439.35327,Mid
16801.0,844.4545,High
16804.0,115.70623,Low
16805.0,481.69403,Mid
16806.0,531.9435,High
16807.0,637.31213,High
16808.0,164.22772,Low
16809.0,311.96832,Mid
16810.0,279.9368,Mid
16812.0,462.01834,Mid
16813.0,465.03604,Mid
16814.0,4888.3184,VIP
16816.0,366.6925,Mid
16817.0,939.4409,High
16818.0,1187.5618,VIP
16823.0,391.38535,Mid
16824.0,228.17545,Low
16825.0,296.807,Mid
16829.0,197.20517,Low
16832.0,217.32051,Low
16833.0,670.4123,High
16834.0,408.153,Mid
16835.0,67.958916,Low
16837.0,1909.7894,VIP
16838.0,604.04395,High
16839.0,9011.109,VIP
16841.0,1256.502,VIP
16842.0,824.6819,High
16843.0,6321.7515,VIP
16849.0,121.222206,Low
16850.0,323.2615,Mid
16852.0,108.66279,Low
16858.0,345.60672,Mid
16859.0,265.2462,Mid
16861.0,50.393997,Low
16863.0,164.21428,Low
16866.0,162.89261,Low
16869.0,375.8841,Mid
16871.0,1973.7456,VIP
16872.0,377.15146,Mid
16873.0,2965.18,VIP
16875.0,759.1886,High
16877.0,190.06752,Low
16880.0,686.5642,High
16882.0,222.86914,Low
16883.0,286.817,Mid
16885.0,176.2287,Low
16889.0,1582.1691,VIP
16891.0,233.58076,Low
16892.0,67.01317,Low
16893.0,139.1247,Low
16897.0,210.28117,Low
16898.0,260.68945,Mid
16899.0,514.753,High
16904.0,2145.0088,VIP
16905.0,830.96814,High
16906.0,418.88718,Mid
16907.0,621.66754,High
16912.0,1129.8961,High
16913.0,108.543015,Low
16915.0,204.08173,Low
16916.0,205.28467,Low
16917.0,371.32404,Mid
16918.0,524.3028,High
16919.0,2721.7937,VIP
16923.0,3768.29,VIP
16926.0,234.8239,Low
16927.0,349.21356,Mid
16928.0,1314.3838,VIP
16929.0,229.56706,Low
16931.0,2359.3743,VIP
16933.0,197.92172,Low
16938.0,1645.6764,VIP
16940.0,1932.2612,VIP
16942.0,1233.3142,VIP
16943.0,773.60547,High
16945.0,2035.3665,VIP
16947.0,410.60825,Mid
16948.0,251.1486,Mid
16949.0,750.1961,High
16950.0,171.01324,Low
16951.0,1169.2333,VIP
16954.0,988.40186,High
16955.0,520.55865,High
16957.0,393.66498,Mid
16960.0,198.52898,Low
16963.0,116.78111,Low
16965.0,204.0884,Low
16966.0,1512.886,VIP
16967.0,310.51434,Mid
16969.0,411.13098,Mid
16976.0,265.41882,Mid
16979.0,331.47098,Mid
16980.0,985.6046,High
16983.0,851.7492,High
16985.0,3605.5693,VIP
16987.0,683.27264,High
16989.0,848.95074,High
16990.0,181.45724,Low
16992.0,685.30963,High
16995.0,-16.397264,Low
16996.0,690.58435,High
16997.0,728.6423,High
16998.0,275.31796,Mid
17001.0,2225.757,VIP
17002.0,999.7847,High
17007.0,563.1875,High
17015.0,523.0973,High
17017.0,5380.782,VIP
17018.0,407.4295,Mid
17019.0,987.4774,High
17024.0,20.539032,Low
17025.0,169.47884,Low
17026.0,153.51303,Low
17027.0,616.9358,High
17029.0,355.54868,Mid
17031.0,228.84415,Low
17033.0,543.8648,High
17034.0,150.69,Low
17035.0,389.74323,Mid
17041.0,281.0971,Mid
17042.0,705.0582,High
17043.0,335.34723,Mid
17044.0,-33.300552,Low
17045.0,159.95854,Low
17046.0,697.25134,High
17047.0,739.74066,High
17048.0,740.1097,High
17049.0,2295.3848,VIP
17050.0,2699.293,VIP
17051.0,229.86899,Low
17054.0,910.44635,High
17058.0,845.91437,High
17059.0,1519.5461,VIP
17060.0,234.75009,Low
17061.0,3695.3628,VIP
17062.0,543.0793,High
17063.0,635.38403,High
17064.0,501.7662,High
17068.0,2592.8772,VIP
17069.0,1405.2351,VIP
17071.0,940.01447,High
17075.0,708.6637,High
17076.0,341.9457,Mid
17080.0,73.512,Low
17082.0,614.48816,High
17083.0,999.5725,High
17085.0,1192.0293,VIP
17088.0,1379.2476,VIP
17090.0,675.53516,High
17091.0,1998.8425,VIP
17092.0,135.48784,Low
17094.0,262.2463,Mid
17095.0,335.60138,Mid
17096.0,132.41695,Low
17097.0,303.21973,Mid
17101.0,233.82365,Low
17102.0,-9.022495,Low
17105.0,674.91693,High
17107.0,6337.1196,VIP
17109.0,441.0718,Mid
17110.0,169.75146,Low
17114.0,420.93124,Mid
17115.0,572.1267,High
17117.0,117.90035,Low
17118.0,156.47792,Low
17120.0,301.5758,Mid
17123.0,350.54895,Mid
17124.0,298.48395,Mid
17126.0,983.0398,High
17128.0,165.7205,Low
17133.0,2442.5178,VIP
17134.0,327.8763,Mid
17135.0,499.34607,High
17138.0,376.26373,Mid
17139.0,5543.333,VIP
17140.0,442.4516,Mid
17142.0,531.2283,High
17146.0,575.64795,High
17147.0,916.72144,High
17152.0,1536.5837,VIP
17155.0,144.54807,Low
17157.0,153.80951,Low
17158.0,669.53284,High
17159.0,527.1697,High
17160.0,1692.9727,VIP
17162.0,1192.7168,VIP
17164.0,1261.112,VIP
17165.0,158.535,Low
17166.0,109.64715,Low
17169.0,296.7853,Mid
17171.0,219.995,Low
17174.0,64.23312,Low
17175.0,835.5943,High
17176.0,295.90976,Mid
17179.0,711.466,High
17180.0,547.1334,High
17181.0,165.59306,Low
17187.0,204.8236,Low
17188.0,1618.683,VIP
17189.0,256.50488,Mid
17190.0,4.596994,Low
17191.0,1159.0438,VIP
17193.0,452.06506,Mid
17194.0,253.80475,Mid
17198.0,525.0084,High
17204.0,1348.5138,VIP
17211.0,1555.3544,VIP
17212.0,214.36842,Low
17213.0,942.6599,High
17214.0,600.2773,High
17217.0,121.46408,Low
17218.0,953.02246,High
17220.0,1833.6656,VIP
17223.0,429.71027,Mid
17226.0,394.51596,Mid
17227.0,468.93558,Mid
17228.0,688.1695,High
17230.0,3549.1594,VIP
17231.0,1663.2166,VIP
17234.0,154.60745,Low
17235.0,313.51932,Mid
17236.0,698.1799,High
17238.0,1695.8081,VIP
17239.0,435.65256,Mid
17242.0,735.9076,High
17243.0,3500.4407,VIP
17245.0,175.03604,Low
17250.0,162.91266,Low
17251.0,284.5889,Mid
17252.0,351.55603,Mid
17255.0,118.48337,Low
17256.0,128.059,Low
17259.0,375.2645,Mid
17262.0,1060.3802,High
17263.0,30.61552,Low
17265.0,344.51495,Mid
17268.0,342.57864,Mid
17272.0,1456.8378,VIP
17277.0,1072.5377,High
17278.0,245.04643,Mid
17282.0,1001.301,High
17284.0,1216.0863,VIP
17287.0,510.0072,High
17288.0,657.2944,High
17289.0,185.78096,Low
17291.0,583.1125,High
17293.0,674.64105,High
17299.0,154.9078,Low
17302.0,308.49252,Mid
17303.0,262.73877,Mid
17306.0,6105.605,VIP
17307.0,-91.63547,Low
17311.0,558.3227,High
17312.0,398.02768,Mid
17314.0,1397.5718,VIP
17315.0,3294.855,VIP
17320.0,906.66284,High
17323.0,426.65045,Mid
17324.0,749.32733,High
17325.0,97.15937,Low
17329.0,246.27881,Mid
17334.0,307.36444,Mid
17337.0,1939.7012,VIP
17338.0,4225.1167,VIP
17339.0,57.73081,Low
17340.0,6678.0503,VIP
17341.0,816.71173,High
17343.0,203.3349,Low
17345.0,122.66851,Low
17346.0,1029.3932,High
17348.0,168.15622,Low
17349.0,111.89009,Low
17351.0,411.76572,Mid
17353.0,878.7588,High
17356.0,184.6303,Low
17358.0,353.36954,Mid
17360.0,340.4235,Mid
17361.0,266.5627,Mid
17362.0,307.26266,Mid
17364.0,2053.469,VIP
17365.0,2357.1943,VIP
17367.0,182.75453,Low
17368.0,1023.90625,High
17370.0,108.108315,Low
17371.0,86.757706,Low
17372.0,1042.1399,High
17373.0,139.79625,Low
17374.0,485.66644,Mid
17375.0,394.23663,Mid
17376.0,97.19507,Low
17377.0,1596.191,VIP
17381.0,15860.896,VIP
17384.0,247.48085,Mid
17386.0,619.2964,High
17388.0,831.66095,High
17389.0,6375.4575,VIP
17391.0,502.62488,High
17392.0,428.51575,Mid
17394.0,174.88326,Low
17396.0,4804.718,VIP
17398.0,532.05634,High
17400.0,1343.239,VIP
17402.0,1211.1744,VIP
17404.0,15410.208,VIP
17405.0,413.90506,Mid
17406.0,1979.7168,VIP
17408.0,28.952625,Low
17409.0,742.13855,High
17410.0,299.90195,Mid
17411.0,255.24649,Mid
17412.0,738.10236,High
17414.0,576.51764,High
17416.0,4435.091,VIP
17418.0,170.72305,Low
17419.0,2072.0317,VIP
17420.0,393.10864,Mid
17422.0,923.5457,High
17423.0,402.16617,Mid
17426.0,3325.0317,VIP
17428.0,8370.465,VIP
17429.0,386.9437,Mid
17430.0,122.16547,Low
17431.0,408.0943,Mid
17436.0,107.89434,Low
17438.0,373.41528,Mid
17440.0,202.71982,Low
17442.0,1077.0903,High
17443.0,589.6504,High
17444.0,2441.59,VIP
17446.0,120.00678,Low
17449.0,1323.8553,VIP
17450.0,53507.973,VIP
17454.0,505.4793,High
17455.0,125.56306,Low
17456.0,252.50917,Mid
17457.0,1436.2917,VIP
17460.0,440.17636,Mid
17462.0,451.88443,Mid
17463.0,1262.9784,VIP
17464.0,293.69833,Mid
17469.0,705.5687,High
17470.0,638.31396,High
17472.0,670.3279,High
17483.0,159.38358,Low
17486.0,407.20117,Mid
17489.0,204.34818,Low
17490.0,291.92465,Mid
17491.0,1546.9049,VIP
17492.0,353.4311,Mid
17496.0,300.52893,Mid
17499.0,613.0842,High
17501.0,292.61456,Mid
17504.0,2795.085,VIP
17505.0,1141.3833,VIP
17507.0,619.19354,High
17508.0,382.98508,Mid
17511.0,30705.438,VIP
17512.0,1576.0146,VIP
17515.0,545.97174,High
17516.0,442.9948,Mid
17517.0,154.11853,Low
17519.0,1149.0779,VIP
17521.0,148.62646,Low
17522.0,791.59204,High
17524.0,151.20767,Low
17525.0,500.88553,High
17526.0,379.48352,Mid
17527.0,224.77243,Low
17530.0,1349.4797,VIP
17531.0,301.21497,Mid
17535.0,158.83096,Low
17536.0,82.7028,Low
17537.0,635.46533,High
17540.0,264.96494,Mid
17542.0,159.9762,Low
17547.0,-55.841347,Low
17548.0,-129.90561,Low
17550.0,255.91919,Mid
17551.0,296.89618,Mid
17552.0,296.64508,Mid
17555.0,205.28467,Low
17556.0,159.48058,Low
17560.0,755.2979,High
17562.0,413.75073,Mid
17567.0,2188.6853,VIP
17569.0,324.07785,Mid
17571.0,332.65738,Mid
17572.0,151.952,Low
17574.0,190.05368,Low
17576.0,1815.1067,VIP
17578.0,127.03606,Low
17579.0,170.88353,Low
17580.0,218.63277,Low
17581.0,3897.344,VIP
17582.0,181.4539,Low
17585.0,834.3171,High
17588.0,719.01276,High
17589.0,1944.395,VIP
17591.0,1628.7683,VIP
17593.0,1581.3372,VIP
17594.0,325.71304,Mid
17596.0,1303.5461,VIP
17597.0,2000.991,VIP
17601.0,121.46408,Low
17602.0,756.49207,High
17603.0,-559.124,Low
17604.0,326.8294,Mid
17609.0,516.24744,High
17611.0,2197.3584,VIP
17612.0,626.48254,High
17613.0,2834.3525,VIP
17615.0,278.52087,Mid
17616.0,551.49854,High
17618.0,723.13745,High
17619.0,224.44388,Low
17621.0,833.2824,High
17624.0,394.13675,Mid
17625.0,569.0208,High
17629.0,743.0994,High
17630.0,518.6095,High
17631.0,298.0826,Mid
17633.0,-80.23698,Low
17634.0,1753.8037,VIP
17639.0,113.78256,Low
17642.0,416.0222,Mid
17643.0,97.33987,Low
17644.0,1281.2854,VIP
17646.0,973.12494,High
17648.0,1086.6207,High
17651.0,1174.4878,VIP
17652.0,2343.5469,VIP
17654.0,120.72884,Low
17655.0,1519.8312,VIP
17658.0,305.6348,Mid
17659.0,1149.4652,VIP
17663.0,1050.4685,High
17664.0,328.31186,Mid
17667.0,1792.0829,VIP
17669.0,2093.5308,VIP
17670.0,207.59264,Low
17671.0,985.3278,High
17672.0,1175.5969,VIP
17673.0,1191.7601,VIP
17674.0,312.8705,Mid
17675.0,9466.195,VIP
17676.0,294.82635,Mid
17677.0,7269.976,VIP
17678.0,307.07352,Mid
17682.0,1094.1853,High
17685.0,1504.5312,VIP
17686.0,3003.88,VIP
17690.0,3043.6965,VIP
17691.0,290.0281,Mid
17692.0,618.9179,High
17695.0,351.00183,Mid
17696.0,1165.6371,VIP
17697.0,328.88232,Mid
17698.0,148.80136,Low
17700.0,1066.5343,High
17701.0,413.50684,Mid
17702.0,690.17334,High
17704.0,730.9732,High
17705.0,512.5108,High
17706.0,4297.2036,VIP
17707.0,155.79865,Low
17708.0,259.79404,Mid
17709.0,141.03217,Low
17711.0,228.45848,Low
17714.0,151.91296,Low
17715.0,351.81003,Mid
17716.0,2598.5488,VIP
17718.0,136.23097,Low
17719.0,2679.1597,VIP
17720.0,552.9128,High
17722.0,2086.834,VIP
17723.0,3078.2065,VIP
17725.0,1467.6849,VIP
17730.0,2353.1665,VIP
17731.0,297.7009,Mid
17732.0,298.97827,Mid
17733.0,229.87961,Low
17734.0,121.46408,Low
17735.0,7606.049,VIP
17738.0,1586.5526,VIP
17739.0,1106.6045,High
17742.0,301.6761,Mid
17744.0,1253.1365,VIP
17746.0,90.98309,Low
17749.0,619.126,High
17750.0,316.14548,Mid
17752.0,77.25392,Low
17754.0,240.66447,Mid
17757.0,3129.2546,VIP
17758.0,1428.0529,VIP
17759.0,151.13245,Low
17760.0,174.44014,Low
17763.0,-0.4107376,Low
17764.0,268.344,Mid
17765.0,372.2987,Mid
17768.0,396.3939,Mid
17769.0,1499.6781,VIP
17770.0,1219.6921,VIP
17771.0,116.602554,Low
17774.0,598.42334,High
17775.0,69.979645,Low
17781.0,200.03362,Low
17783.0,75.514145,Low
17786.0,117.36002,Low
17787.0,1967.7147,VIP
17789.0,236.6417,Low
17790.0,1007.06305,High
17795.0,341.6486,Mid
17796.0,634.39545,High
17797.0,253.50682,Mid
17799.0,2172.6843,VIP
17800.0,614.97876,High
17802.0,613.7116,High
17809.0,2952.3284,VIP
17811.0,4278.73,VIP
17812.0,233.60039,Low
17816.0,8.421404,Low
17817.0,265.0718,Mid
17819.0,3418.8381,VIP
17820.0,-31.243305,Low
17827.0,1578.4507,VIP
17828.0,866.11584,High
17829.0,857.0297,High
17830.0,280.11172,Mid
17837.0,224.17212,Low
17838.0,1645.3749,VIP
17841.0,16025.354,VIP
17843.0,209.86362,Low
17848.0,572.8428,High
17849.0,628.38116,High
17850.0,5275.3955,VIP
17854.0,309.80344,Mid
17855.0,204.87732,Low
17856.0,1081.1191,High
17857.0,9659.996,VIP
17858.0,3210.8171,VIP
17859.0,152.76552,Low
17860.0,245.90923,Mid
17861.0,1078.0355,High
17862.0,326.6958,Mid
17863.0,1369.949,VIP
17864.0,233.55206,Low
17865.0,4847.85,VIP
17867.0,611.16895,High
17869.0,310.53018,Mid
17870.0,328.16406,Mid
17871.0,156.487,Low
17873.0,1636.7394,VIP
17874.0,657.4712,High
17877.0,252.05931,Mid
17879.0,173.93297,Low
17880.0,459.93307,Mid
17881.0,125.08158,Low
17883.0,118.09615,Low
17884.0,646.4179,High
17886.0,400.26868,Mid
17888.0,174.34746,Low
17889.0,209.50792,Low
17890.0,604.2616,High
17891.0,205.89542,Low
17892.0,143.30293,Low
17893.0,130.54091,Low
17894.0,899.9417,High
17897.0,502.5966,High
17898.0,108.49524,Low
17899.0,165.86362,Low
17900.0,4.207042,Low
17905.0,626.9744,High
17906.0,82.00382,Low
17908.0,245.90923,Mid
17912.0,288.62277,Mid
17913.0,213.45248,Low
17917.0,216.66199,Low
17920.0,1867.912,VIP
17921.0,448.5914,Mid
17923.0,224.45688,Low
17924.0,445.25302,Mid
17925.0,228.55405,Low
17926.0,226.05809,Low
17928.0,78.40847,Low
17929.0,506.2695,High
17930.0,633.4633,High
17931.0,296.14447,Mid
17932.0,914.1823,High
17937.0,3373.4963,VIP
17939.0,100.09476,Low
17940.0,1525.0802,VIP
17946.0,141.07863,Low
17949.0,29039.236,VIP
17950.0,256.33173,Mid
17951.0,408.15982,Mid
17954.0,1463.6361,VIP
17955.0,574.34296,High
17956.0,19.929024,Low
17960.0,46.332188,Low
17961.0,973.08075,High
17964.0,259.1825,Mid
17965.0,1528.6595,VIP
17966.0,563.4966,High
17967.0,123.14759,Low
17968.0,294.99878,Mid
17969.0,234.1649,Low
17970.0,579.9971,High
17972.0,110.12597,Low
17974.0,170.25276,Low
17975.0,2960.0068,VIP
17976.0,336.79907,Mid
17978.0,304.46548,Mid
17979.0,484.5167,Mid
17980.0,778.4322,High
17987.0,197.97548,Low
17988.0,72.300125,Low
17990.0,623.6837,High
17991.0,109.96928,Low
17994.0,527.2182,High
17995.0,73.512,Low
17997.0,1140.6119,VIP
17999.0,210.98203,Low
18004.0,169.45476,Low
18008.0,2025.5295,VIP
18009.0,252.3051,Mid
18010.0,175.59155,Low
18011.0,85.35089,Low
18013.0,174.90747,Low
18016.0,481.7823,Mid
18017.0,366.11002,Mid
18018.0,41.73578,Low
18024.0,235.69424,Low
18032.0,63.9591,Low
18036.0,123.28855,Low
18037.0,48.54579,Low
18040.0,255.01466,Mid
18041.0,2681.7878,VIP
18043.0,469.96347,Mid
18044.0,1139.7505,VIP
18048.0,192.62628,Low
18050.0,65.37148,Low
18055.0,3284.1018,VIP
18056.0,352.22195,Mid
18061.0,1357.8124,VIP
18062.0,721.0996,High
18064.0,391.11,Mid
18065.0,1390.8998,VIP
18068.0,100.07474,Low
18069.0,992.41437,High
18071.0,448.54443,Mid
18072.0,36.524082,Low
18073.0,1689.0632,VIP
18074.0,487.66006,Mid
18075.0,1451.7155,VIP
18077.0,1013.29987,High
18078.0,326.89542,Mid
18079.0,1609.3809,VIP
18080.0,786.217,High
18084.0,-3.1507604,Low
18085.0,697.4661,High
18086.0,104.197685,Low
18087.0,827.02936,High
18092.0,4652.7954,VIP
18093.0,1114.0408,High
18094.0,1714.4794,VIP
18095.0,535.7904,High
18097.0,1527.1505,VIP
18102.0,119698.36,VIP
18106.0,428.57855,Mid
18108.0,269.0945,Mid
18109.0,3122.21,VIP
18112.0,215.27095,Low
18113.0,73.060265,Low
18114.0,231.73744,Low
18116.0,1259.1155,VIP
18118.0,3888.5452,VIP
18119.0,185.90085,Low
18120.0,114.100525,Low
18121.0,680.7652,High
18122.0,120.62175,Low
18125.0,964.4998,High
18129.0,115.4137,Low
18133.0,673.5955,High
18135.0,115.75514,Low
18136.0,575.27893,High
18138.0,148.38828,Low
18141.0,-46.30377,Low
18142.0,1037.9749,High
18144.0,1819.4635,VIP
18145.0,1054.7017,High
18146.0,76.49631,Low
18149.0,538.5441,High
18150.0,217.9442,Low
18151.0,325.27408,Mid
18155.0,239.87137,Mid
18156.0,203.74739,Low
18159.0,527.05707,High
18160.0,321.70172,Mid
18161.0,530.1224,High
18165.0,306.3414,Mid
18168.0,1113.8269,High
18170.0,305.15665,Mid
18171.0,656.60187,High
18172.0,3645.1226,VIP
18173.0,1735.424,VIP
18176.0,451.79846,Mid
18177.0,1010.26746,High
18178.0,1087.2782,High
18179.0,1083.6774,High
18183.0,618.5751,High
18185.0,297.29898,Mid
18188.0,420.62817,Mid
18189.0,608.7692,High
18190.0,279.9368,Mid
18191.0,187.67789,Low
18193.0,206.93732,Low
18196.0,426.3587,Mid
18198.0,4319.5166,VIP
18202.0,1394.0591,VIP
18203.0,159.63873,Low
18204.0,608.3609,High
18210.0,142.69519,Low
18211.0,125.192345,Low
18212.0,236.95201,Low
18213.0,236.72325,Low
18218.0,605.62915,High
18219.0,1372.9069,VIP
18220.0,280.2352,Mid
18221.0,535.463,High
18223.0,3016.635,VIP
18224.0,158.535,Low
18225.0,2096.5088,VIP
18226.0,3132.1748,VIP
18227.0,103.52746,Low
18229.0,3611.3655,VIP
18230.0,1555.096,VIP
18231.0,2044.3986,VIP
18232.0,487.42905,Mid
18233.0,479.01495,Mid
18235.0,435.38812,Mid
18236.0,458.7412,Mid
18239.0,1604.5564,VIP
18241.0,494.21326,High
18242.0,677.31213,High
18245.0,1630.2917,VIP
18246.0,248.67317,Mid
18248.0,486.96768,Mid
18250.0,344.98373,Mid
18252.0,73.064545,Low
18256.0,-49.742584,Low
18257.0,878.2319,High
18259.0,314.56763,Mid
18260.0,2655.6611,VIP
18263.0,807.7888,High
18265.0,494.88202,High
18269.0,123.135254,Low
18270.0,62.993248,Low
18272.0,1766.1604,VIP
18273.0,17.496216,Low
18277.0,-16.400806,Low
18280.0,189.09213,Low
18281.0,74.49945,Low
18283.0,850.0499,High
18287.0,735.003,High
